A_cation,B,X,n_poly,Eg_GGA,Eg_HSE,Eg_HSE_min,Erel1,eps_tot,tol_t,oct_mu,perovskite_formable,SQ_single,tandem_top,Pb_free
Hydrazinium,Sn,I,11,1.7250272727272729,2.354381818181818,1.5249,0.544,23.65957272727273,0.9224049653090187,0.5227272727272727,True,False,False,True
Methylammonium,Sn,I,6,1.6197833333333334,2.24315,1.5456,0.27948333333333336,26.354200000000002,0.9224049653090187,0.5227272727272727,True,False,False,True
Formamidinium,Sn,I,3,1.5376,2.1377666666666664,1.5618,0.0662,14.7996,0.9983925597051849,0.5227272727272727,True,False,False,True
Azetidinium,Sn,I,16,1.8978187499999999,2.5984,1.5849,0.11708125,17.13583125,0.9920602601721711,0.5227272727272727,True,False,False,True
Guanidinium,Sn,I,3,1.4159,2.0223666666666666,1.6399,0.4646333333333333,19.660933333333336,1.0511617224803005,0.5227272727272727,True,False,False,True
Methylammonium,Sn,Br,6,2.00025,2.746366666666667,1.7969,0.1067,23.393583333333336,0.9390196161737753,0.5867346938775511,True,False,True,True
Acetamidinium,Sn,I,6,1.7924166666666668,2.46685,1.7999,0.26543333333333335,11.85445,1.0490509559692958,0.5227272727272727,True,False,True,True
Dimethylammonium,Sn,I,8,1.8157375,2.4662875,1.8386,0.1467375,18.0971,1.0384971234142728,0.5227272727272727,True,False,True,True
Ethylammonium,Sn,I,12,1.9102166666666667,2.5906583333333333,1.844,0.15520833333333334,16.851558333333333,1.042718656436282,0.5227272727272727,True,False,True,True
Hydrazinium,Ge,I,11,1.9207909090909092,2.6617818181818182,1.8829,0.7512090909090908,21.316118181818183,1.0546268374693557,0.33181818181818185,False,False,True,True
Hydrazinium,Sn,Br,12,2.1958249999999997,2.9539833333333334,1.909,0.35047500000000004,22.03165,0.9390196161737753,0.5867346938775511,True,False,False,True
Imidazolium,Sn,I,9,1.8106,2.4491555555555555,1.9179,0.3276888888888889,13.0129,1.008946392260208,0.5227272727272727,True,False,False,True
Trimethylammonium,Sn,I,11,1.8184636363636364,2.500672727272727,1.9374,0.06575454545454545,11.865672727272727,1.0764909206123559,0.5227272727272727,True,False,False,True
Formamidinium,Ge,I,3,1.8061,2.4766,1.9667,0.2576333333333333,10.933866666666667,1.1415068515400577,0.33181818181818185,False,False,False,True
Methylammonium,Ge,I,6,1.92505,2.6111666666666666,1.9695,0.47173333333333334,35.03706666666667,1.0546268374693557,0.33181818181818185,False,False,False,True
Hydroxylammonium,Sn,I,7,1.7349428571428571,2.3522571428571433,1.9713,0.5077714285714287,31.55547142857143,0.9202941987980141,0.5227272727272727,True,False,False,True
Formamidinium,Sn,Br,3,1.7985,2.5060333333333333,1.9874,-0.104,40.3686,1.0208712049927968,0.5867346938775511,True,False,False,True
Propylammonium,Sn,I,13,1.9190846153846155,2.630346153846154,2.0056,0.07446923076923076,14.168676923076923,1.1292600833874713,0.5227272727272727,False,False,False,True
Ethylammonium,Sn,Br,12,2.3655166666666667,3.171625,2.0581,0.020533333333333334,14.778958333333334,1.068617965137226,0.5867346938775511,True,False,False,True
Isopropylammonium,Sn,I,8,1.96635,2.6883,2.0718,0.07555,17.4626375,1.097598585722402,0.5227272727272727,True,False,False,True
Azetidinium,Sn,Br,16,2.32353125,3.16810625,2.0922,-0.006425,16.09724375,1.0140502392578783,0.5867346938775511,True,False,False,True
Azetidinium,Ge,I,15,2.1074266666666666,2.89778,2.0923,0.2636733333333333,12.887233333333334,1.1342668503674993,0.33181818181818185,False,False,False,True
Hydroxylammonium,Ge,I,7,1.9597571428571428,2.6492142857142857,2.1098,0.7375428571428572,23.069685714285715,1.0522135037451696,0.33181818181818185,False,False,False,True
Guanidinium,Sn,Br,3,1.897,2.6208666666666667,2.1209,0.3189666666666667,17.9776,1.0777125861171173,0.5867346938775511,True,False,False,True
Hydrazinium,Ge,Br,11,2.4659909090909093,3.2841454545454543,2.1431,0.5612363636363636,25.140627272727272,1.0856323443496063,0.37244897959183676,False,False,False,True
Tetramethylammonium,Sn,I,2,1.9390999999999998,2.6460999999999997,2.1542,0.03275,8.46475,1.080712453634365,0.5227272727272727,True,False,False,True
Methylammonium,Sn,Cl,6,2.4411833333333335,3.253766666666667,2.1551,0.009466666666666667,20.919566666666665,0.9507719557846145,0.6353591160220995,True,False,False,True
Dimethylammonium,Ge,I,8,2.0828375,2.8463,2.2182,0.301275,17.9089,1.187360192299595,0.33181818181818185,False,False,False,True
Guanidinium,Ge,I,3,1.7947666666666666,2.450466666666667,2.2305,0.6300333333333333,17.940233333333335,1.201840194644712,0.33181818181818185,False,False,False,True
Ethylammonium,Pb,I,11,2.0651454545454544,2.896390909090909,2.2316,0.23332727272727274,13.89569090909091,1.0304151914635826,0.5409090909090909,True,False,False,False
Ethylammonium,Ge,I,12,2.1106583333333333,2.8891500000000003,2.2338,0.3103666666666667,14.799391666666667,1.1921868597479675,0.33181818181818185,False,False,False,True
Hydroxylammonium,Ge,Br,7,2.3829999999999996,3.1843142857142857,2.2463,0.5288,23.723585714285715,1.0830036946054185,0.37244897959183676,False,False,False,True
Ethylammonium,Sn,Cl,11,2.8938727272727274,3.7703999999999995,2.2931,-0.055581818181818184,17.65728181818182,1.0869377886482403,0.6353591160220995,True,False,False,True
Methylammonium,Ge,Br,6,2.3327166666666668,3.1459499999999996,2.2969,0.3017,14.559849999999999,1.0856323443496063,0.37244897959183676,False,False,False,True
Ammonium,Sn,I,4,2.16695,2.92575,2.3071,0.521075,18.270775,0.7725405430276907,0.5227272727272727,False,False,False,True
Acetamidinium,Ge,I,6,2.0985833333333335,2.817816666666667,2.3129,0.41985,10.156183333333333,1.1994268609205259,0.33181818181818185,False,False,False,True
Azetidinium,Pb,I,15,2.019833333333333,2.955826666666667,2.3181,0.18957333333333332,21.199653333333334,0.9803545343884287,0.5409090909090909,True,False,False,False
Imidazolium,Ge,I,8,2.1206625,2.86345,2.327,0.493825,16.0460375,1.1535735201609887,0.33181818181818185,False,False,False,True
Imidazolium,Pb,I,6,1.8288833333333334,2.64405,2.348,0.41303333333333336,31.62675,0.9970414200801466,0.5409090909090909,True,False,False,False
Guanidinium,Pb,I,3,1.7973,2.5816666666666666,2.3586,0.5493333333333333,37.53393333333333,1.0387586343094415,0.5409090909090909,True,False,False,False
Formamidinium,Pb,I,3,1.9417666666666669,2.7601666666666667,2.3661,0.17120000000000002,19.004733333333334,0.9866121165228229,0.5409090909090909,True,False,False,False
Ammonium,Sn,Br,3,2.3745,3.2046666666666668,2.3812,0.2914333333333334,21.220833333333335,0.777590093780705,0.5867346938775511,False,False,False,True
Acetamidinium,Sn,Br,7,2.343157142857143,3.149657142857143,2.3986,0.13035714285714287,11.448614285714285,1.0754389308721446,0.5867346938775511,True,False,False,True
Propylammonium,Ge,I,12,2.116233333333333,2.8908083333333336,2.4124,0.20324166666666665,7.219241666666666,1.2911335424396002,0.33181818181818185,False,False,False,True
Imidazolium,Sn,Br,7,2.4013428571428572,3.1592571428571428,2.4152,0.18409999999999999,18.109928571428572,1.032239481217661,0.5867346938775511,True,False,False,True
Dimethylammonium,Sn,Br,7,2.148142857142857,2.9143428571428567,2.4313,0.010785714285714286,12.427557142857143,1.0640706546472805,0.5867346938775511,True,False,False,True
Isopropylammonium,Ge,I,10,2.21984,3.01895,2.452,0.20439,7.839789999999999,1.2549335365768077,0.33181818181818185,False,False,False,True
Trimethylammonium,Pb,I,12,1.9338583333333332,2.8114166666666667,2.4541,0.13255833333333333,18.781458333333333,1.0637889628470183,0.5409090909090909,True,False,False,False
Acetamidinium,Pb,I,6,1.9645833333333333,2.819983333333333,2.4574,0.3451666666666667,16.880950000000002,1.0366727735979768,0.5409090909090909,True,False,False,False
Methylammonium,Pb,I,6,2.061733333333333,2.847683333333334,2.4638,0.3773666666666667,17.88695,0.9115211309100922,0.5409090909090909,True,False,False,False
Butylammonium,Sn,I,3,2.0220333333333333,2.7685999999999997,2.4672,0.016033333333333333,6.836266666666667,1.2031369112726331,0.5227272727272727,False,False,False,True
Hydrazinium,Sn,Cl,11,2.819754545454545,3.6689909090909087,2.4811,0.2406909090909091,21.67080909090909,0.9507719557846145,0.6353591160220995,True,False,False,True
Trimethylammonium,Sn,Br,11,2.3976454545454544,3.210072727272727,2.4938,-0.04382727272727272,8.735854545454545,1.1049964490567912,0.5867346938775511,False,False,False,True
Hydrazinium,Ge,Cl,10,3.10273,4.01388,2.4942,0.45183999999999996,26.19988,1.1079862161899445,0.40331491712707185,False,False,False,True
Dimethylammonium,Pb,I,7,1.9694285714285713,2.8072285714285714,2.519,0.22694285714285714,17.64484285714286,1.026243470040653,0.5409090909090909,True,False,False,False
Propylammonium,Pb,I,13,2.073807692307692,2.9061,2.52,0.1414,13.848192307692308,1.115935480633637,0.5409090909090909,False,False,False,False
Trimethylammonium,Ge,I,9,2.1357555555555554,2.984866666666667,2.5369,0.19713333333333333,6.4702222222222225,1.230800199334946,0.33181818181818185,False,False,False,True
Tetramethylammonium,Pb,I,3,1.9471999999999998,2.772133333333333,2.5415,0.08913333333333333,22.748666666666665,1.0679606842699478,0.5409090909090909,True,False,False,False
Hydroxylammonium,Ge,Cl,7,3.016871428571428,3.9362,2.5629,0.4067,15.148528571428571,1.105202331224643,0.40331491712707185,False,False,False,True
Hydrazinium,Pb,I,9,2.054988888888889,2.8656111111111113,2.5636,0.6500555555555556,17.174400000000002,0.9115211309100922,0.5409090909090909,True,False,False,False
Ammonium,Sn,Cl,4,2.78015,3.6740000000000004,2.5818,0.15337499999999998,23.061574999999998,0.7811618832702737,0.6353591160220995,False,False,False,True
Formamidinium,Ge,Br,3,2.2667,3.0698666666666665,2.584,0.09043333333333332,9.258099999999999,1.180263735140371,0.37244897959183676,False,False,False,True
Ammonium,Ge,I,3,2.2059333333333333,2.9148333333333336,2.5905,0.7781666666666666,17.571566666666666,0.8832801430521378,0.33181818181818185,False,False,False,True
Ethylammonium,Pb,Br,10,2.61456,3.5527500000000005,2.5996,0.09896,12.467690000000001,1.0550482131989756,0.6071428571428571,True,False,False,False
Tetramethylammonium,Ge,I,2,2.2249,2.9985,2.6172,0.14425,5.64185,1.2356268667833183,0.33181818181818185,False,False,False,True
Isopropylammonium,Pb,I,10,2.14426,3.04646,2.6193,0.14278,14.95128,1.0846475699616658,0.5409090909090909,True,False,False,False
Azetidinium,Sn,Cl,17,2.8737411764705882,3.7894294117647056,2.6822,-0.07662941176470588,14.466441176470587,1.0296048063898715,0.6353591160220995,True,False,False,True
Hydroxylammonium,Sn,Br,7,2.3665857142857143,3.207942857142857,2.6986,0.2941714285714286,18.541957142857143,0.9367459609288025,0.5867346938775511,True,False,False,True
Ethylammonium,Ge,Br,11,2.6495818181818183,3.5335636363636365,2.7138,0.1776090909090909,9.990863636363635,1.2354653797683173,0.37244897959183676,False,False,False,True
Butylammonium,Pb,I,4,2.0857,2.942825,2.7329,0.07650000000000001,10.22715,1.188940605534903,0.5409090909090909,False,False,False,False
Ammonium,Ge,Br,4,2.6077250000000003,3.4793250000000002,2.7559,0.55115,13.337825,0.8989982125122649,0.37244897959183676,False,False,False,True
Azetidinium,Pb,Br,13,2.497361538461538,3.546753846153846,2.7591,0.06626923076923077,17.001584615384616,1.0011734108228578,0.6071428571428571,True,False,False,False
Butylammonium,Ge,I,4,2.10995,2.932975,2.76,0.12664999999999998,5.804975,1.3756002227861162,0.33181818181818185,False,False,False,True
Hydroxylammonium,Pb,I,7,2.114,2.9063857142857144,2.7773,0.6236857142857143,20.175457142857145,0.9094352701986275,0.5409090909090909,True,False,False,False
Formamidinium,Pb,Br,3,2.2235666666666667,3.1793333333333336,2.7839,-0.004066666666666667,14.9469,1.0079077611198726,0.6071428571428571,True,False,False,False
Isopropylammonium,Sn,Br,11,2.555,3.4045181818181818,2.7862,-0.035454545454545454,9.41059090909091,1.1277330015065195,0.5867346938775511,False,False,False,True
Propylammonium,Sn,Br,13,2.4760769230769233,3.317415384615385,2.798,-0.03602307692307692,8.5065,1.1618378301811119,0.5867346938775511,False,False,False,True
Guanidinium,Pb,Br,3,2.2237666666666667,3.1331333333333333,2.8001,0.4021666666666666,21.692766666666667,1.0640273469283286,0.6071428571428571,True,False,False,False
Azetidinium,Ge,Br,16,2.6739,3.5911,2.8045,0.1412,7.752325,1.1723777859078075,0.37244897959183676,False,False,False,True
Methylammonium,Ge,Cl,5,3.02224,3.9342999999999995,2.8141,0.20504000000000003,9.27944,1.1079862161899445,0.40331491712707185,False,False,False,True
Acetamidinium,Pb,Br,6,2.4525833333333336,3.4321,2.8325,0.21001666666666666,17.09991666666667,1.0617825634959903,0.6071428571428571,True,False,False,False
Ammonium,Pb,I,3,2.247666666666667,3.1459666666666664,2.8535,0.6550666666666667,13.507133333333334,0.7634250203960955,0.5409090909090909,False,False,False,False
Formamidinium,Sn,Cl,3,2.4017666666666666,3.220966666666667,2.8626,-0.2027,14.0383,1.0367714291721677,0.6353591160220995,True,False,False,True
Imidazolium,Pb,Br,5,2.42272,3.33158,2.8641,0.2686,28.252820000000003,1.0191316782815636,0.6071428571428571,True,False,False,False
Dimethylammonium,Pb,Br,7,2.448557142857143,3.389657142857143,2.8697,0.0919857142857143,20.611871428571426,1.050558646334299,0.6071428571428571,True,False,False,False
Ethylammonium,Pb,Cl,10,3.185,4.17995,2.8744,0.023899999999999998,11.57747,1.072445284799597,0.6574585635359116,True,False,False,False
Guanidinium,Ge,Br,3,2.3976,3.2372,2.876,0.48596666666666666,9.347166666666666,1.245979978745069,0.37244897959183676,False,False,False,True
Imidazolium,Ge,Br,8,2.67635,3.507375,2.8815,0.3507125,19.432625,1.1934069838613106,0.37244897959183676,False,False,False,True
Ammonium,Ge,Cl,2,2.8544,3.7205500000000002,2.8957,0.41135,9.89545,0.9103303836535473,0.40331491712707185,False,False,False,True
Methylammonium,Pb,Br,5,2.4594,3.35658,2.8957,0.20156000000000002,15.273060000000001,0.9270955575556956,0.6071428571428571,True,False,False,False
Dimethylammonium,Sn,Cl,8,2.9156375,3.7824875000000002,2.9218,-0.0629625,10.451675,1.0821600401267095,0.6353591160220995,True,False,False,True
Trimethylammonium,Pb,Br,9,2.434877777777778,3.371377777777778,2.9537,0.023744444444444443,17.60671111111111,1.0909647481163876,0.6071428571428571,True,False,False,False
Tetramethylammonium,Sn,Br,3,2.4692000000000003,3.2870666666666666,2.9855,-0.062099999999999995,5.9351666666666665,1.1095437595467368,0.5867346938775511,False,False,False,True
Acetamidinium,Ge,Br,6,2.66935,3.5660833333333333,2.9861,0.2858,7.841816666666666,1.2433513290008809,0.37244897959183676,False,False,False,True
Dimethylammonium,Ge,Br,9,2.6590555555555557,3.5284666666666666,2.9974,0.16842222222222222,12.882077777777777,1.2302080802799413,0.37244897959183676,False,False,False,True
Acetamidinium,Sn,Cl,6,2.8454833333333336,3.71015,3.0364,0.0524,22.60845,1.0941044114305363,0.6353591160220995,True,False,False,True
Trimethylammonium,Sn,Cl,10,3.02456,3.90713,3.1218,-0.10776,6.18356,1.125159776820486,0.6353591160220995,False,False,False,True
Isopropylammonium,Ge,Br,9,2.816933333333333,3.7392333333333334,3.1326,0.09298888888888888,6.095488888888889,1.3038102731172028,0.37244897959183676,False,False,False,True
Ethylammonium,Ge,Cl,10,3.1944,4.15051,3.1393,0.10115,8.52945,1.2666676592121224,0.40331491712707185,False,False,False,True
Propylammonium,Pb,Br,11,2.7007727272727275,3.6543636363636365,3.144,0.030945454545454543,9.720936363636364,1.1470843339248438,0.6071428571428571,False,False,False,False
Imidazolium,Sn,Cl,8,2.923925,3.77645,3.162,0.1016125,12.75815,1.0487158004759944,0.6353591160220995,True,False,False,True
Butylammonium,Sn,Br,3,2.5695333333333332,3.4059666666666666,3.1681,-0.07983333333333333,5.797,1.2414157637551606,0.5867346938775511,False,False,False,True
Isopropylammonium,Pb,Br,8,2.697575,3.69005,3.183,0.032125,11.367425,1.11341258243977,0.6071428571428571,False,False,False,False
Hydrazinium,Pb,Br,8,2.6043125,3.5203875,3.1859,0.4544125,15.1432875,0.9270955575556956,0.6071428571428571,True,False,False,False
Tetramethylammonium,Pb,Br,3,2.4796,3.4227333333333334,3.186,-0.0009666666666666666,11.153599999999999,1.095454314981064,0.6071428571428571,True,False,False,False
Propylammonium,Ge,Br,13,2.694338461538462,3.605007692307692,3.1891,0.09323846153846153,6.138223076923077,1.3432400192800216,0.37244897959183676,False,False,False,True
Trimethylammonium,Ge,Br,9,2.8707555555555557,3.793155555555556,3.2061,0.0857,5.4696,1.2775237756753237,0.37244897959183676,False,False,False,True
Ammonium,Pb,Br,3,2.7546666666666666,3.7770666666666664,3.2364,0.4223666666666666,13.999933333333333,0.7677159338596802,0.6071428571428571,False,False,False,False
Propylammonium,Sn,Cl,14,3.0432142857142854,3.9542785714285715,3.2569,-0.10054285714285714,7.101207142857143,1.1848816333396202,0.6353591160220995,False,False,False,True
Formamidinium,Pb,Cl,3,2.7384,3.7148333333333334,3.2914,-0.10183333333333333,12.5034,1.0229478101165388,0.6574585635359116,True,False,False,False
Azetidinium,Pb,Cl,13,2.8821923076923075,3.9644384615384616,3.293,-0.002253846153846154,15.211407692307692,1.0158767423046733,0.6574585635359116,True,False,False,False
Acetamidinium,Pb,Cl,6,3.060783333333333,4.087566666666667,3.312,0.13533333333333333,15.002333333333333,1.0795163526114626,0.6574585635359116,True,False,False,False
Dimethylammonium,Pb,Cl,7,2.954871428571429,3.937871428571429,3.3139,0.0159,18.97637142857143,1.0677312395916867,0.6574585635359116,True,False,False,False
Hydroxylammonium,Sn,Cl,6,2.9394000000000005,3.8430666666666666,3.3424,0.17366666666666666,17.119883333333334,0.9483830815238492,0.6353591160220995,True,False,False,True
Guanidinium,Sn,Cl,2,2.8579,3.6780999999999997,3.3492,0.23455,12.515049999999999,1.0964932856913017,0.6353591160220995,True,False,False,True
Butylammonium,Pb,Br,4,2.495425,3.446625,3.3912,-0.01965,10.614025,1.2256517540566823,0.6071428571428571,False,False,False,False
Guanidinium,Pb,Cl,3,2.7997,3.7652,3.4088,0.3211333333333333,16.3329,1.0818733752154177,0.6574585635359116,True,False,False,False
Methylammonium,Pb,Cl,5,2.99834,3.96586,3.424,0.10314000000000001,12.123099999999999,0.9380949963741531,0.6574585635359116,True,False,False,False
Isopropylammonium,Sn,Cl,8,3.1020375,4.002775,3.4425,-0.100125,7.8087,1.1490485194281397,0.6353591160220995,False,False,False,True
Formamidinium,Ge,Cl,3,2.9164,3.8466666666666662,3.4479,-0.013799999999999998,7.257366666666667,1.208206074940794,0.40331491712707185,False,False,False,True
Tetramethylammonium,Ge,Br,3,2.8098333333333336,3.7255000000000003,3.4691,0.04953333333333334,4.726133333333333,1.2827810751636997,0.37244897959183676,False,False,False,True
Hydroxylammonium,Pb,Br,7,2.7612857142857146,3.7134714285714283,3.5014,0.4099285714285714,15.341985714285714,0.9248507741233574,0.6071428571428571,True,False,False,False
Trimethylammonium,Pb,Cl,11,3.068427272727273,4.068481818181818,3.509,-0.03494545454545455,13.549054545454545,1.1101576464628795,0.6574585635359116,False,False,False,False
Azetidinium,Ge,Cl,14,3.2373642857142855,4.225242857142857,3.5629,0.06929285714285714,6.267650000000001,1.1998544200448897,0.40331491712707185,False,False,False,True
Butylammonium,Ge,Br,3,2.830133333333334,3.7516,3.569,0.0317,5.003433333333334,1.4352427603265983,0.37244897959183676,False,False,False,True
Imidazolium,Ge,Cl,6,3.1843,4.1789,3.5838,0.2678333333333333,7.256783333333334,1.2221254997673006,0.40331491712707185,False,False,False,True
Imidazolium,Pb,Cl,7,3.1805999999999996,4.181342857142857,3.6158,0.18664285714285714,13.473257142857145,1.0347329231363145,0.6574585635359116,True,False,False,False
Guanidinium,Ge,Cl,3,3.123666666666667,4.066766666666667,3.6438,0.4023666666666667,8.0084,1.277803199073328,0.40331491712707185,False,False,False,True
Propylammonium,Ge,Cl,12,3.29545,4.271841666666666,3.6967,0.027958333333333335,5.534133333333333,1.3808069427894787,0.40331491712707185,False,False,False,True
Ammonium,Pb,Cl,2,3.1677999999999997,4.2422,3.7383,0.2833,13.3721,0.7707463914933368,0.6574585635359116,False,False,False,False
Butylammonium,Sn,Cl,3,3.0619,3.9575666666666667,3.7468,-0.13353333333333334,5.345633333333333,1.2684922324664079,0.6353591160220995,False,False,False,True
Propylammonium,Pb,Cl,11,3.242809090909091,4.268818181818182,3.7596,-0.0332,9.680872727272726,1.1690832115617584,0.6574585635359116,False,False,False,False
Acetamidinium,Ge,Cl,5,3.36318,4.35698,3.7624,0.21056,6.757219999999999,1.2750193141080266,0.40331491712707185,False,False,False,True
Dimethylammonium,Ge,Cl,7,3.2404,4.1776,3.7716,0.09225714285714286,7.924914285714286,1.2610998892815197,0.40331491712707185,False,False,False,True
Tetramethylammonium,Sn,Cl,3,3.1230666666666664,4.023733333333333,3.8012,-0.1146,4.9452,1.1299375253420167,0.6353591160220995,False,False,False,True
Trimethylammonium,Ge,Cl,8,3.465675,4.45515,3.8061,0.020575,4.7258,1.3112098186569445,0.40331491712707185,False,False,False,True
Isopropylammonium,Pb,Cl,10,3.2742200000000006,4.30764,3.8219,-0.02917,10.87458,1.1337278725024311,0.6574585635359116,False,False,False,False
Hydrazinium,Pb,Cl,9,3.3045333333333335,4.295544444444444,3.8474,0.3433555555555556,13.000922222222222,0.9380949963741531,0.6574585635359116,True,False,False,False
Formamidinium,Sn,F,2,3.09505,4.25625,3.8529,-0.56375,9.1244,1.1005774900726102,0.8646616541353384,False,False,False,True
Tetramethylammonium,Pb,Cl,3,3.1793,4.188300000000001,3.8987,-0.049133333333333334,6.908533333333334,1.11487169167079,0.6574585635359116,False,False,False,False
Hydrazinium,Sn,F,8,3.6717875,4.802175,3.9676,-0.18964999999999999,19.2096125,0.9979329573197242,0.8646616541353384,True,False,False,True
Ethylammonium,Sn,F,11,3.7205181818181816,4.836081818181818,3.9789,-0.36176363636363634,7.691863636363636,1.1604534675117935,0.8646616541353384,False,False,False,True
Imidazolium,Sn,F,9,3.2202333333333333,4.41,3.985,-0.2259111111111111,11.730333333333332,1.1148336751771777,0.8646616541353384,False,False,False,True
Butylammonium,Pb,Cl,4,3.0774,4.163375,4.0285,-0.071425,9.61565,1.2515790027001892,0.6574585635359116,False,False,False,False
Isopropylammonium,Ge,Cl,7,3.564214285714286,4.567857142857143,4.0419,0.0284,5.326828571428572,1.339048668309958,0.40331491712707185,False,False,False,True
Hydroxylammonium,Pb,Cl,6,3.3531833333333334,4.399983333333334,4.1047,0.2882166666666667,12.603133333333334,0.9357379737701979,0.6574585635359116,True,False,False,False
Ethylammonium,Pb,F,12,4.000325,5.332775,4.1518,-0.26559166666666667,9.612325,1.1420335712020826,0.8947368421052632,False,False,False,False
Guanidinium,Sn,F,2,3.7309,4.75395,4.1905,-0.09684999999999999,9.3711,1.1718584155954475,0.8646616541353384,False,False,False,True
Butylammonium,Ge,Cl,3,3.4623666666666666,4.4424,4.2964,-0.02316666666666667,4.538266666666666,1.4782429165750266,0.40331491712707185,False,False,False,True
Acetamidinium,Sn,F,6,3.3683,4.524500000000001,4.3173,-0.25085,7.7945166666666665,1.169007178574534,0.8646616541353384,False,False,False,True
Methylammonium,Sn,F,6,3.5263333333333335,4.6142666666666665,4.3195,-0.38008333333333333,11.302100000000001,0.9979329573197242,0.8646616541353384,True,False,False,True
Azetidinium,Sn,F,14,3.576678571428572,4.686464285714286,4.4118,-0.36188571428571426,9.089728571428571,1.0920237790098697,0.8646616541353384,True,False,False,True
Trimethylammonium,Sn,F,7,4.079542857142857,5.217185714285714,4.4192,-0.3552857142857143,5.0184,1.2060732598464095,0.8646616541353384,False,False,False,True
Imidazolium,Pb,F,6,3.666533333333333,4.849266666666666,4.4501,-0.11806666666666667,8.5359,1.0971379025553176,0.8947368421052632,True,False,False,False
Tetramethylammonium,Ge,Cl,3,3.5345333333333335,4.547033333333333,4.4938,-0.005233333333333333,4.299733333333333,1.3167775885875472,0.40331491712707185,False,False,False,True
Imidazolium,Ge,F,6,3.706383333333333,4.9812,4.5246,-0.07666666666666667,5.372516666666667,1.3421298613783499,0.5488721804511278,False,False,False,True
Formamidinium,Ge,F,2,3.6069,4.908849999999999,4.5314,-0.3861,6.1226,1.32496707542722,0.5488721804511278,False,False,False,True
Hydroxylammonium,Sn,F,5,3.76648,4.91224,4.5701,-0.30958,15.3609,0.9950817202988107,0.8646616541353384,True,False,False,True
Methylammonium,Ge,F,6,3.9562000000000004,5.1638,4.7182,-0.19933333333333333,7.076033333333334,1.2013950165790854,0.5488721804511278,False,False,False,True
Dimethylammonium,Sn,F,9,3.881322222222222,4.996355555555556,4.7575,-0.36248888888888886,9.553855555555556,1.1547509934699665,0.8646616541353384,False,False,False,True
Azetidinium,Pb,F,9,3.972433333333333,5.320033333333333,4.7658,-0.26076666666666665,8.569466666666667,1.0746900682319351,0.8947368421052632,True,False,False,False
Propylammonium,Sn,F,10,3.92393,5.0578,4.8004,-0.35378,7.96032,1.277354185369247,0.8646616541353384,False,False,False,True
Formamidinium,Pb,F,2,3.7495499999999997,5.1254,4.8007,-0.44275,9.52305,1.0831080061032037,0.8947368421052632,True,False,False,False
Trimethylammonium,Pb,F,9,4.432533333333334,5.779233333333334,4.8213,-0.2579888888888889,9.216744444444444,1.1869292398488476,0.8947368421052632,False,False,False,False
Butylammonium,Sn,F,4,4.163325,5.2602,4.8539,-0.3542,6.943225,1.3771474811012194,0.8646616541353384,False,False,False,True
Methylammonium,Pb,F,6,4.071383333333333,5.373683333333333,4.8755,-0.26171666666666665,9.691066666666666,0.9820927516479826,0.8947368421052632,True,False,False,False
Ammonium,Sn,F,3,3.8157666666666668,4.925366666666666,4.9081,-0.37473333333333336,24.92216666666667,0.7954951288348658,0.8646616541353384,False,False,False,True
Hydrazinium,Pb,F,8,4.1405875,5.5909,4.9116,-0.06295,11.7616125,0.9820927516479826,0.8947368421052632,True,False,False,False
Ammonium,Ge,F,2,4.1935,5.39175,4.9157,-0.14175,18.69095,0.9576834560730424,0.5488721804511278,True,False,False,True
Isopropylammonium,Sn,F,9,4.181166666666666,5.323177777777778,4.9553,-0.3577333333333333,7.7263777777777785,1.2345856300555444,0.8646616541353384,False,False,False,True
Acetamidinium,Pb,F,5,3.98928,5.38732,5.0782,-0.15504,9.38562,1.150451509073351,0.8947368421052632,False,False,False,False
Acetamidinium,Ge,F,6,4.026366666666667,5.360366666666667,5.1528,-0.11121666666666667,5.357666666666667,1.407348447992643,0.5488721804511278,False,False,False,True
Dimethylammonium,Pb,F,5,4.2284,5.52592,5.1552,-0.26544,9.34094,1.136421612621237,0.8947368421052632,False,False,False,False
Azetidinium,Ge,F,13,4.329915384615385,5.573469230769231,5.1762,-0.22828461538461536,5.262553846153846,1.314669403856542,0.5488721804511278,False,False,False,True
Propylammonium,Pb,F,11,4.2668,5.654672727272727,5.2155,-0.2659,7.561527272727273,1.2570787221094177,0.8947368421052632,False,False,False,False
Trimethylammonium,Ge,F,7,4.848685714285715,6.1186428571428575,5.2932,-0.23978571428571427,4.198357142857143,1.4519716914655805,0.5488721804511278,False,False,False,True
Hydrazinium,Ge,F,8,4.2959625,5.5732,5.3003,0.007125,8.4484875,1.2013950165790854,0.5488721804511278,False,False,False,True
Hydroxylammonium,Pb,F,7,4.4032,5.797371428571429,5.3311,-0.1766285714285714,11.379342857142857,0.9792867723575598,0.8947368421052632,True,False,False,False
Ethylammonium,Ge,F,9,4.560533333333334,5.828244444444445,5.3704,-0.21712222222222222,6.8255,1.397050776421965,0.5488721804511278,False,False,False,True
Hydroxylammonium,Ge,F,7,4.387157142857143,5.690971428571428,5.4104,-0.0863142857142857,8.904757142857143,1.1979624593888596,0.5488721804511278,False,False,False,True
Isopropylammonium,Pb,F,12,4.447525,5.816949999999999,5.4677,-0.26343333333333335,8.473966666666668,1.2149890327530757,0.8947368421052632,False,False,False,False
Guanidinium,Ge,F,3,4.3617,5.728999999999999,5.5038,0.05416666666666667,7.408433333333334,1.410781005182869,0.5488721804511278,False,False,False,True
Guanidinium,Pb,F,2,4.163349999999999,5.6119,5.5121,0.0066,10.64625,1.1532574883637738,0.8947368421052632,False,False,False,False
Propylammonium,Ge,F,8,4.5510125,5.8033125000000005,5.5243,-0.2393125,5.06585,1.5377856212212295,0.5488721804511278,False,False,False,True
Butylammonium,Ge,F,4,4.7092,5.9416,5.5517,-0.253925,4.9037500000000005,1.657925122879138,0.5488721804511278,False,False,False,True
Dimethylammonium,Ge,F,5,4.5091,5.7499,5.5879,-0.22304,5.08532,1.3901856620415132,0.5488721804511278,False,False,False,True
Tetramethylammonium,Sn,F,1,4.4999,5.6831,5.6831,-0.3284,4.2375,1.2117757338882365,0.8646616541353384,False,False,False,True
Butylammonium,Pb,F,2,4.509,5.81545,5.7128,-0.2728,5.65765,1.355287997274216,0.8947368421052632,False,False,False,False
Ammonium,Pb,F,2,4.38095,5.8096499999999995,5.7579,-0.21765,12.09225,0.7828682220279632,0.8947368421052632,False,False,False,False
Isopropylammonium,Ge,F,9,4.960077777777778,6.236177777777778,5.9083,-0.24354444444444445,5.048633333333333,1.4862972633678402,0.5488721804511278,False,False,False,True
Tetramethylammonium,Ge,F,2,4.91785,6.198600000000001,6.0254,-0.2283,4.0771999999999995,1.4588368058460324,0.5488721804511278,False,False,False,True
Tetramethylammonium,Pb,F,1,4.9344,6.3242,6.3242,-0.2417,4.9191,1.1925411984296932,0.8947368421052632,False,False,False,False
