coverage,mean_width,nominal,config,split,calibration
0.9004457652303121,1.5791282342325572,0.9,pre-DFT (C+L+P) direct,random,i.i.d.
0.8707280832095097,1.3767339344503415,0.9,pre-DFT (C+L+P) direct,random,group
0.9264487369985142,1.498116087224951,0.9,pre-DFT (C+L+P) direct,group,i.i.d.
0.899702823179792,1.325807042292205,0.9,pre-DFT (C+L+P) direct,group,group
0.9353640416047548,1.5867408109078167,0.9,pre-DFT (C+L+P) direct,LOCO,i.i.d.
0.8729569093610698,1.3195247850385672,0.9,pre-DFT (C+L+P) direct,LOCO,group
0.687221396731055,1.5614553592844642,0.9,pre-DFT (C+L+P) direct,LOBO,i.i.d.
0.6315007429420505,1.3185807242491694,0.9,pre-DFT (C+L+P) direct,LOBO,group
0.5572065378900446,1.5673310405727474,0.9,pre-DFT (C+L+P) direct,LOHO,i.i.d.
0.46433878157503716,1.2903577491714906,0.9,pre-DFT (C+L+P) direct,LOHO,group
0.8974739970282318,0.20621445248581083,0.9,pre-DFT (C+L+P) delta,random,i.i.d.
0.9071322436849926,0.21127428556968703,0.9,pre-DFT (C+L+P) delta,random,group
0.8677563150074294,0.1922277800144347,0.9,pre-DFT (C+L+P) delta,group,i.i.d.
0.8989598811292719,0.22083701538490016,0.9,pre-DFT (C+L+P) delta,group,group
0.8692421991084696,0.1984916468305181,0.9,pre-DFT (C+L+P) delta,LOCO,i.i.d.
0.913075780089153,0.23281523686076075,0.9,pre-DFT (C+L+P) delta,LOCO,group
0.5304606240713224,0.20334607653002992,0.9,pre-DFT (C+L+P) delta,LOBO,i.i.d.
0.5898959881129272,0.22728964846950186,0.9,pre-DFT (C+L+P) delta,LOBO,group
0.5854383358098069,0.2111588339732229,0.9,pre-DFT (C+L+P) delta,LOHO,i.i.d.
0.5973254086181278,0.21179074494821196,0.9,pre-DFT (C+L+P) delta,LOHO,group
0.9034175334323923,0.16442385017686573,0.9,post-relax (C+L+P+S) delta,random,i.i.d.
0.9145616641901931,0.1753104472683419,0.9,post-relax (C+L+P+S) delta,random,group
0.8677563150074294,0.14695895217510194,0.9,post-relax (C+L+P+S) delta,group,i.i.d.
0.9108469539375929,0.18872113801720283,0.9,post-relax (C+L+P+S) delta,group,group
0.8454680534918276,0.1563477295683857,0.9,post-relax (C+L+P+S) delta,LOCO,i.i.d.
0.8774145616641902,0.1809919356029259,0.9,post-relax (C+L+P+S) delta,LOCO,group
0.30237741456166417,0.1578792241122748,0.9,post-relax (C+L+P+S) delta,LOBO,i.i.d.
0.4264487369985141,0.19337140776802297,0.9,post-relax (C+L+P+S) delta,LOBO,group
0.5319465081723626,0.16585547531209754,0.9,post-relax (C+L+P+S) delta,LOHO,i.i.d.
0.5527488855869243,0.16956569590645149,0.9,post-relax (C+L+P+S) delta,LOHO,group
