mode,split,fold,n,MAE,R2
direct,LOCO,Acetamidinium,71,0.16567335755287044,0.9517978569426259
direct,LOCO,Ammonium,35,0.3389552966211477,0.8312972039007241
direct,LOCO,Azetidinium,171,0.18710943243473654,0.9467521683101937
direct,LOCO,Butylammonium,41,0.2024535003582037,0.9431286871946365
direct,LOCO,Dimethylammonium,87,0.11066439086351729,0.9794388536801226
direct,LOCO,Ethylammonium,131,0.25965822777186043,0.8487116008751903
direct,LOCO,Formamidinium,33,0.4086807790795953,0.749625118831903
direct,LOCO,Guanidinium,33,0.20680302825014618,0.9491535767808444
direct,LOCO,Hydrazinium,116,0.29862963946766663,0.8763159771651555
direct,LOCO,Hydroxylammonium,80,0.2571124452565008,0.9116408055392499
direct,LOCO,Imidazolium,85,0.1810002588775107,0.9270387215668654
direct,LOCO,Isopropylammonium,111,0.18181754378779394,0.9630710408612732
direct,LOCO,Methylammonium,69,0.16792054296584158,0.9550873967524326
direct,LOCO,Propylammonium,141,0.2199657521111526,0.9266269250021719
direct,LOCO,Tetramethylammonium,29,0.15281160650412162,0.9684046591026407
direct,LOCO,Trimethylammonium,113,0.23220289774345268,0.9298134800409247
direct,LOBO,Ge,442,0.9398405696127279,-0.06656214504063485
direct,LOBO,Pb,432,0.6942964803830826,0.4825413839233924
direct,LOBO,Sn,472,0.4672139963873585,0.7213284968215468
direct,LOHO,Br,350,0.5582705252878767,-0.31324451129010744
direct,LOHO,Cl,335,0.46487677431707347,0.02865517449173438
direct,LOHO,F,302,1.199750633446448,-4.732244789795372
direct,LOHO,I,359,0.6474581368421882,-1.1527275477856729
delta,LOCO,Acetamidinium,71,0.037487190054717665,0.9976170592666613
delta,LOCO,Ammonium,35,0.0444054501518179,0.9964616334553738
delta,LOCO,Azetidinium,171,0.06199959383681618,0.9895410135326265
delta,LOCO,Butylammonium,41,0.0393668919686461,0.9972523148144964
delta,LOCO,Dimethylammonium,87,0.029646437863482755,0.9986052819500784
delta,LOCO,Ethylammonium,131,0.036579936367138174,0.9972956439844098
delta,LOCO,Formamidinium,33,0.05424570238064102,0.9944690815527579
delta,LOCO,Guanidinium,33,0.05322513054440043,0.9959108564628634
delta,LOCO,Hydrazinium,116,0.059625649503181194,0.9953994245545735
delta,LOCO,Hydroxylammonium,80,0.03624959522220171,0.998342924963199
delta,LOCO,Imidazolium,85,0.06618653005394146,0.9902889199514623
delta,LOCO,Isopropylammonium,111,0.03312482986275836,0.9985409699272474
delta,LOCO,Methylammonium,69,0.03501209823013771,0.9981032380148488
delta,LOCO,Propylammonium,141,0.03433073487246134,0.9976646422013343
delta,LOCO,Tetramethylammonium,29,0.0298102268392857,0.9982207041107112
delta,LOCO,Trimethylammonium,113,0.0355700372435877,0.9978712637907997
delta,LOBO,Ge,442,0.12529987128833278,0.9821897723258951
delta,LOBO,Pb,432,0.13800465569603848,0.9769612930441567
delta,LOBO,Sn,472,0.11749509913073823,0.9830056952629384
delta,LOHO,Br,350,0.0356010455175034,0.9915622930284851
delta,LOHO,Cl,335,0.06327665977185677,0.9769093014112502
delta,LOHO,F,302,0.21059074950797732,0.8272124671165895
delta,LOHO,I,359,0.078215901066103,0.960117181676977
