mode,frac,n_train,MAE,MAE_std
direct,0.05,67,0.48013883763346843,0.08466365790999163
direct,0.1,134,0.335889621608762,0.036418721841722464
direct,0.2,269,0.30443053038900586,0.03597314739681353
direct,0.35,471,0.23399162097281825,0.01436930324400262
direct,0.5,673,0.19637154029824755,0.011464508410590421
direct,0.7,942,0.17993408360468463,0.012428175631125424
direct,0.9,1211,0.17186602807566645,0.0164435776220174
delta,0.05,67,0.10202485155392933,0.01734538448725433
delta,0.1,134,0.07256835776397756,0.009400155650309902
delta,0.2,269,0.061191011410749785,0.00925164350239462
delta,0.35,471,0.04678563823081988,0.0031746532484297593
delta,0.5,673,0.043837451539567134,0.0017006310602931877
delta,0.7,942,0.040543660398815975,0.005356320947185524
delta,0.9,1211,0.04107457310855139,0.009978497914882558
