rep,split,MAE,R2
0,LOHO,0.19873008787715096,0.8881657886580834
0,LOBO,0.09170683111131356,0.9866444307278474
0,LOCO,0.052430158644371484,0.9953432219480002
1,LOHO,0.1991680873282284,0.8881200389116641
1,LOBO,0.0912933385443157,0.9867880155801092
1,LOCO,0.05306962454042769,0.9953300794832542
2,LOHO,0.1993208162353128,0.8877294090306702
2,LOBO,0.09186945075033406,0.9864865283722578
2,LOCO,0.05472513894087921,0.9949189018825388
3,LOHO,0.1990682830553559,0.8874395034656545
3,LOBO,0.09178771024299033,0.9866322899141622
3,LOCO,0.05417370830435983,0.9950496698009288
4,LOHO,0.19879538755956624,0.8881933618588789
4,LOBO,0.09115914881595538,0.9867135483504517
4,LOCO,0.05356158803289526,0.9951361847333242
5,LOHO,0.19837890639366507,0.8880476417140104
5,LOBO,0.09140220125912292,0.9866637902111124
5,LOCO,0.05263582579401092,0.9953087899395753
6,LOHO,0.1989486165563869,0.8882945102042429
6,LOBO,0.09182300176590096,0.9866273399749649
6,LOCO,0.05426357019688524,0.9951278202036802
7,LOHO,0.19888228774902877,0.8880028518507305
7,LOBO,0.09159504226764272,0.9866177478867835
7,LOCO,0.05385173317645591,0.9951849754337135
8,LOHO,0.1995521361903006,0.8873701997190042
8,LOBO,0.09136097738890869,0.9865849770822004
8,LOCO,0.05345000843492335,0.9952159652699267
9,LOHO,0.19838384723542793,0.8877485339330007
9,LOBO,0.09188309439912119,0.9866172116557796
9,LOCO,0.05320957177722591,0.9952940982079762
10,LOHO,0.19818331343686807,0.8879966156591136
10,LOBO,0.09142524676844554,0.9867683928627013
10,LOCO,0.0553107713179222,0.9950055042384095
11,LOHO,0.19950193116531742,0.8876794537110576
11,LOBO,0.09152856690412818,0.9865685884061628
11,LOCO,0.05258403750610365,0.9953207183473957
