MAE,RMSE,R2,MaxAE,config,model,split
0.3712658681530824,0.44110313536847756,0.8323762486325693,1.6471682027237877,pre-DFT (C+L+P) direct,Ridge,random
0.3699655450212762,0.4394146706093013,0.8336570606970628,1.6325016673829564,pre-DFT (C+L+P) direct,Ridge,group
0.38446347413830906,0.46090636874417523,0.8169875290682058,1.745103330201192,pre-DFT (C+L+P) direct,Ridge,LOCO
2.3533987283261433,3.757476858231324,-11.1632013268161,10.847480663678127,pre-DFT (C+L+P) direct,Ridge,LOBO
0.46283210490771476,0.5594461376228613,0.7303677560793553,1.6781432997167065,pre-DFT (C+L+P) direct,Ridge,LOHO
0.3850686058744248,0.4648045434183439,0.8138787350682192,1.6326203186709933,pre-DFT (C+L+P) direct,KRR-RBF,random
0.361783405713565,0.4340557753126853,0.8376896013394711,1.5504604630326106,pre-DFT (C+L+P) direct,KRR-RBF,group
0.5053108117072973,0.6756551683273607,0.6067167296009828,3.3804324164821526,pre-DFT (C+L+P) direct,KRR-RBF,LOCO
2.7799686574788787,3.3357789295197704,-8.58627290667674,6.628776605423474,pre-DFT (C+L+P) direct,KRR-RBF,LOBO
1.3214282967664401,1.7921378243929198,-1.7669294023879738,4.415760470365588,pre-DFT (C+L+P) direct,KRR-RBF,LOHO
0.3787898734999361,0.4533082017906278,0.8229718136339071,1.587433332968967,pre-DFT (C+L+P) direct,MLP,random
0.37820405356033915,0.4493061646712621,0.8260838066982954,1.7167106329378177,pre-DFT (C+L+P) direct,MLP,group
0.49997345988552583,0.6159158076421859,0.6731880206347747,2.55591019971141,pre-DFT (C+L+P) direct,MLP,LOCO
5.100854781719781,6.195763142112649,-32.07081362608347,10.81562493322097,pre-DFT (C+L+P) direct,MLP,LOBO
1.3715534885079101,1.7165281900588796,-1.5383829763718366,3.9524313831743325,pre-DFT (C+L+P) direct,MLP,LOHO
0.3952956532015691,0.47770800247167644,0.8034014549770823,1.6957987222256903,pre-DFT (C+L+P) direct,RF,random
0.37241855547221936,0.44422011230860015,0.8299989117723123,1.5669518654082095,pre-DFT (C+L+P) direct,RF,group
0.37780681842291114,0.44716408556756826,0.8277381538680246,1.5506318234028225,pre-DFT (C+L+P) direct,RF,LOCO
0.7026180551534196,0.918684893832064,0.27290958968189527,2.931587396774727,pre-DFT (C+L+P) direct,RF,LOBO
0.7874110434972292,0.968402151392577,0.19208297968512456,2.592704470543058,pre-DFT (C+L+P) direct,RF,LOHO
0.40345807478622736,0.4916293383199906,0.7917759689086304,1.674645065689087,pre-DFT (C+L+P) direct,XGBoost,random
0.36329883908134336,0.4361668691436105,0.8361069210891182,1.508249035644531,pre-DFT (C+L+P) direct,XGBoost,group
0.37174051308738176,0.44292527980187324,0.8309885208290537,1.5202338607788084,pre-DFT (C+L+P) direct,XGBoost,LOCO
0.6455365947522167,0.8505857983275077,0.37670804567847704,2.845022440338135,pre-DFT (C+L+P) direct,XGBoost,LOBO
0.7485596501023064,0.886828812913605,0.3224601308367574,2.3307530906677245,pre-DFT (C+L+P) direct,XGBoost,LOHO
0.402769756037082,0.49090653114055766,0.7923877923859866,1.6781224548476645,pre-DFT (C+L+P) direct,LightGBM,random
0.362719766662341,0.4351086890289686,0.8369011951746955,1.6119281215532801,pre-DFT (C+L+P) direct,LightGBM,group
0.37589326139826673,0.4437413722286553,0.8303651377801684,1.5113104648600917,pre-DFT (C+L+P) direct,LightGBM,LOCO
0.6420409354060003,0.8417059672394923,0.3896540340395509,2.7182031654029934,pre-DFT (C+L+P) direct,LightGBM,LOBO
0.7402770216208422,0.8909602101995457,0.31613262657277164,2.26462669415519,pre-DFT (C+L+P) direct,LightGBM,LOHO
0.0521709413797298,0.07209019074692452,0.9955227884487724,0.4313141899628241,pre-DFT (C+L+P) delta,Ridge,random
0.05247409955759902,0.07267518874655401,0.9954498302068102,0.43332618095583975,pre-DFT (C+L+P) delta,Ridge,group
0.08645424799633752,0.11396026224084357,0.9888117504091563,0.50455453921791,pre-DFT (C+L+P) delta,Ridge,LOCO
0.7524248635946065,1.0836748376726049,-0.011703482885672134,2.7518179044195303,pre-DFT (C+L+P) delta,Ridge,LOBO
0.059824755181461124,0.08048068710616306,0.9944199432302196,0.4449493476850881,pre-DFT (C+L+P) delta,Ridge,LOHO
0.04342512812182925,0.06036472712614131,0.9968607800199749,0.340738819032659,pre-DFT (C+L+P) delta,KRR-RBF,random
0.045603436748192165,0.06490781897048406,0.9963704791235117,0.33682300947441224,pre-DFT (C+L+P) delta,KRR-RBF,group
0.07524784114639446,0.11955957593379471,0.9876852954115071,0.7402030345727519,pre-DFT (C+L+P) delta,KRR-RBF,LOCO
0.6902675650254104,0.820476884687571,0.42005345348253753,1.5602198138650953,pre-DFT (C+L+P) delta,KRR-RBF,LOBO
0.29549261831760243,0.43923487386546484,0.833793159020975,1.1549573596175797,pre-DFT (C+L+P) delta,KRR-RBF,LOHO
0.047087703589457436,0.06507888130582007,0.9963513229579326,0.34069026871489694,pre-DFT (C+L+P) delta,MLP,random
0.06257704162077453,0.08192289531115847,0.9942181628977431,0.42625897213899133,pre-DFT (C+L+P) delta,MLP,group
0.09452636894821496,0.13409476832808015,0.984509018514731,0.5274800258479884,pre-DFT (C+L+P) delta,MLP,LOCO
1.3745317375353696,1.7857048911821822,-1.7471010990850653,3.220538269525914,pre-DFT (C+L+P) delta,MLP,LOBO
0.4191507841427429,0.5407198387467004,0.7481164102237876,1.1857027774770583,pre-DFT (C+L+P) delta,MLP,LOHO
0.04222823735766463,0.06024554417519483,0.9968731638132863,0.36647653571428584,pre-DFT (C+L+P) delta,RF,random
0.048593727085897036,0.06867275910618412,0.9959372110780738,0.43895269642857127,pre-DFT (C+L+P) delta,RF,group
0.04828898287868334,0.06896847183949197,0.9959021460783565,0.43204964345238084,pre-DFT (C+L+P) delta,RF,LOCO
0.1275016761987053,0.15308045942828272,0.9798119310095662,0.6644785384920633,pre-DFT (C+L+P) delta,RF,LOBO
0.11846803581317045,0.15346143855927968,0.979711319817377,0.5348889033730169,pre-DFT (C+L+P) delta,RF,LOHO
0.04378653009717212,0.06256935614612416,0.9966272928113656,0.36715210323333736,pre-DFT (C+L+P) delta,XGBoost,random
0.048148160512167484,0.06909778679828361,0.9958867648298669,0.4181346643447874,pre-DFT (C+L+P) delta,XGBoost,group
0.04913953939950837,0.07023367602263234,0.9957504194448549,0.4355934474945067,pre-DFT (C+L+P) delta,XGBoost,LOCO
0.11262723290852947,0.13733225092597268,0.9837519838151473,0.6767284162521361,pre-DFT (C+L+P) delta,XGBoost,LOBO
0.10825778343344515,0.14429006924735008,0.9820638944924531,0.5193512973785399,pre-DFT (C+L+P) delta,XGBoost,LOHO
0.0440508283984688,0.06273361983318744,0.9966095607911079,0.3735307357682762,pre-DFT (C+L+P) delta,LightGBM,random
0.04866969246871884,0.06941305843457507,0.995849144383293,0.4184403808094399,pre-DFT (C+L+P) delta,LightGBM,group
0.048950431950121345,0.07047378876336553,0.9957213131041016,0.42891724164182365,pre-DFT (C+L+P) delta,LightGBM,LOCO
0.10781376554312797,0.1336520027259746,0.9846111485265314,0.6382699238605114,pre-DFT (C+L+P) delta,LightGBM,LOBO
0.10844121405517601,0.1440525947766601,0.9821228848598836,0.5155949324945581,pre-DFT (C+L+P) delta,LightGBM,LOHO
0.046410075974443375,0.06262962867483085,0.9966207918814189,0.3504832284997077,post-relax (C+L+P+S) delta,Ridge,random
0.04709614914249141,0.06376228572156503,0.9964974606722404,0.3534254234002492,post-relax (C+L+P+S) delta,Ridge,group
,,,,post-relax (C+L+P+S) delta,Ridge,LOCO
0.5776837769135551,0.7736302287934516,0.4843890542340138,1.9794329450099108,post-relax (C+L+P+S) delta,Ridge,LOBO
0.07941388294389119,0.10190388597478148,0.991053838016392,0.34356976896172675,post-relax (C+L+P+S) delta,Ridge,LOHO
0.03476507443648997,0.04901233570430603,0.9979304969762782,0.33924699007802417,post-relax (C+L+P+S) delta,KRR-RBF,random
0.0371260134562812,0.05440895228180874,0.9974496722738848,0.3199282197668678,post-relax (C+L+P+S) delta,KRR-RBF,group
0.08830310159394388,0.13195920843129594,0.9849985005732682,0.818771656691129,post-relax (C+L+P+S) delta,KRR-RBF,LOCO
0.6942360054266556,0.8209854528163083,0.4193342772458033,1.5600955309675095,post-relax (C+L+P+S) delta,KRR-RBF,LOBO
0.31320217297387637,0.469429224885736,0.8101565955094457,1.255779810537991,post-relax (C+L+P+S) delta,KRR-RBF,LOHO
0.04793043361954022,0.06455177680214137,0.9964101883063717,0.28981980932618256,post-relax (C+L+P+S) delta,MLP,random
0.06143893429719493,0.08283252048329537,0.9940890536246729,0.4442523669791889,post-relax (C+L+P+S) delta,MLP,group
0.12438152739098046,0.1707195966223023,0.9748914277483942,0.7526265885113599,post-relax (C+L+P+S) delta,MLP,LOCO
1.428050268473349,1.7660279874880662,-1.686893359587034,3.2106469223521623,post-relax (C+L+P+S) delta,MLP,LOBO
0.4235105360858319,0.5468375978002461,0.7423844939627126,1.3197880837038325,post-relax (C+L+P+S) delta,MLP,LOHO
0.036812665813110025,0.05193226818634326,0.9976765686303051,0.2747153738095234,post-relax (C+L+P+S) delta,RF,random
0.04244073920663567,0.06074676454972984,0.9968209191725822,0.40530984702380923,post-relax (C+L+P+S) delta,RF,group
