MAE,RMSE,R2,MaxAE,model,split
0.16431351013191314,0.20932877023355928,0.9622503342657207,0.614989229340762,Scissor shift (const),random
0.07492348939932461,0.10119406534885252,0.9911780345354734,0.5705885366098546,Linear scaling,random
0.08901879348926199,0.11400209655177809,0.988803534587026,0.4899978647686831,Halide-resolved scissor,random
0.16723598623008828,0.21266956839651208,0.9610357818961283,0.6153895910780669,Scissor shift (const),group
0.07530803665241448,0.10183931590229287,0.9910651716630077,0.5720946258285173,Linear scaling,group
0.08988259346291054,0.11518888962850499,0.9885692046349216,0.49609701492537317,Halide-resolved scissor,group
0.16453650602463718,0.2095233861235178,0.9621801088500533,0.6153843107387669,Scissor shift (const),LOCO
0.07550077577579564,0.10210261495169734,0.9910189110818706,0.5774421349902434,Linear scaling,LOCO
0.08952851262635762,0.11460948380220799,0.9886839103547391,0.499226198083067,Halide-resolved scissor,LOCO
0.17575339689806796,0.22385601685984957,0.9568289302622036,0.6579607221006567,Scissor shift (const),LOBO
0.0915566621246429,0.11720528711684179,0.9881655065812895,0.6017586555989638,Linear scaling,LOBO
0.1124139303059176,0.13992767567427966,0.9831320421696835,0.5366153526970954,Halide-resolved scissor,LOBO
0.2047900817864949,0.25741204659715733,0.942916183504583,0.7032404214559396,Scissor shift (const),LOHO
0.0834771495866095,0.1129189005600463,0.9890152912058179,0.5611593284018594,Linear scaling,LOHO
0.2047900817864949,0.25741204659715733,0.942916183504583,0.7032404214559396,Halide-resolved scissor,LOHO
