MAE,RMSE,R2,MaxAE,features,mode,split,nfeat
0.38882614440579144,0.47139242819206867,0.8085653842351881,1.6462712395476977,C,direct,random,23
0.362376853079808,0.43516819242455596,0.8368565828902329,1.534999280501645,C,direct,group,23
0.3690231364102876,0.44112216293033046,0.8323617869802598,1.4925943366903511,C,direct,LOCO,23
0.48641639803572567,0.6013369663979988,0.6884763153456426,1.864980756106771,C,direct,LOBO,23
0.7380714546762719,0.89676349385592,0.30719485062189544,2.2336707048328206,C,direct,LOHO,23
0.04987209058525592,0.06794030392224508,0.9960234153031553,0.3892547218596385,C,MFdirect,random,24
0.05351586452959007,0.07310162131564069,0.9953962759402726,0.4138140583882306,C,MFdirect,group,24
0.05503657013580145,0.07543132668465323,0.9950981642083742,0.41490347053838317,C,MFdirect,LOCO,24
0.1019616299779645,0.1323733083450996,0.9849042007242512,0.6593702270864057,C,MFdirect,LOBO,24
0.22132769632522145,0.37439937695811304,0.8792393335895766,1.780578841050482,C,MFdirect,LOHO,24
0.0443497380773912,0.06293469949780005,0.9965877912524568,0.38640610739955994,C,delta,random,24
0.04864254485794991,0.06854332288274101,0.9959525119476702,0.39571578703054033,C,delta,group,24
0.04946195008153738,0.06981606790599103,0.9958008050543472,0.41113505193826105,C,delta,LOCO,24
0.08478136165974147,0.1098929072749725,0.9895961377751694,0.657854953109541,C,delta,LOBO,24
0.10035178621932701,0.13804469403944503,0.9835829657846463,0.5356745020128857,C,delta,LOHO,24
0.39873318588288964,0.4843769380160016,0.7978740001383249,1.6874173734494677,C+L,direct,random,33
0.3578587285529585,0.42920006522187026,0.8413007680731199,1.6038445537571482,C+L,direct,group,33
0.3712352533527839,0.4431732941453588,0.8307991931538489,1.5405611739001785,C+L,direct,LOCO,33
0.488300036094538,0.602134377633272,0.6876495669316888,1.861439599990061,C+L,direct,LOBO,33
0.7497067738058394,0.9011566208252105,0.300390300571582,2.173535524426801,C+L,direct,LOHO,33
0.04840606754478756,0.06718103559713431,0.9961117994737333,0.38465439199994655,C+L,MFdirect,random,34
0.05307194348103095,0.07371651515502196,0.9953185018185399,0.39350814203974194,C+L,MFdirect,group,34
0.05263316643859088,0.07353452382431554,0.9953415886501118,0.4237195796284685,C+L,MFdirect,LOCO,34
0.09108645371459698,0.12287524482287118,0.9869927927960217,0.6516622355342583,C+L,MFdirect,LOBO,34
0.19864455885119253,0.3618460554506173,0.8872015968282102,1.7711588668658056,C+L,MFdirect,LOHO,34
0.044197006638933015,0.0631170897337962,0.9965679848378368,0.3989643703764272,C+L,delta,random,34
0.04906370711725821,0.06928432455820137,0.9958645265098313,0.37439302686473397,C+L,delta,group,34
0.048709378281241056,0.06900807417644762,0.9958974386756801,0.4071131002351591,C+L,delta,LOCO,34
0.08374769062654283,0.10918491683390785,0.9897297607324809,0.6591878408120802,C+L,delta,LOBO,34
0.10501784954102689,0.14075306129704956,0.9829324586054404,0.537978651504389,C+L,delta,LOHO,34
0.4021733119815497,0.48970562470690576,0.7934023149492511,1.6769162009759953,C+L+P,direct,random,45
0.363166007088854,0.4337033327906905,0.8379530783622258,1.5686328320025753,C+L+P,direct,group,45
0.37836721960576797,0.44612710470890987,0.8285361835726852,1.5467531102935559,C+L+P,direct,LOCO,45
0.6386452693935133,0.8315663139208663,0.40427058784023184,2.6523550715587025,C+L+P,direct,LOBO,45
0.736615960158794,0.8861907369512525,0.32343476397746995,2.299876403145383,C+L+P,direct,LOHO,45
0.04940193093632073,0.0681643842180367,0.9959971409507768,0.3780881903934956,C+L+P,MFdirect,random,46
0.053428804565039095,0.07333720820473684,0.9953665549940021,0.4097125381785589,C+L+P,MFdirect,group,46
0.053015194065876264,0.0738602881476994,0.9953002228924063,0.43696064943359936,C+L+P,MFdirect,LOCO,46
0.1221628281594891,0.153672558366499,0.9796554583758754,0.719692126793273,C+L+P,MFdirect,LOBO,46
0.21262138693162635,0.3702602443848473,0.8818946874715633,1.7966465773017006,C+L+P,MFdirect,LOHO,46
0.0435557829865286,0.0619478189892558,0.9966939660609349,0.3776959779509008,C+L+P,delta,random,46
0.04839159597011325,0.06900572330130769,0.9958977181921066,0.4091749012791026,C+L+P,delta,group,46
0.04882088873849111,0.07011684636154923,0.9957645455494146,0.4226507220219111,C+L+P,delta,LOCO,46
0.10803500346472612,0.13272992290701785,0.9848227547991484,0.6422584442447596,C+L+P,delta,LOBO,46
0.10745023980754348,0.1423415721182746,0.9825450430267326,0.5143870062744238,C+L+P,delta,LOHO,46
0.1468995410672431,0.20220719533251505,0.9647752047666865,1.1826518161658481,C+S,direct,random,36
0.16578163751107,0.22118723112015112,0.9578521553767179,1.3339308039217261,C+S,direct,group,36
0.21467549841389175,0.29312515163160574,0.925977894224375,1.497360654921458,C+S,direct,LOCO,36
0.4952683412493748,0.5621724095603521,0.7277334294516553,1.8281763571327585,C+S,direct,LOBO,36
0.6626176263191639,0.8227458253019851,0.41684145875419387,3.032007511702488,C+S,direct,LOHO,36
0.04122565052583007,0.05770315777800932,0.9971315028216807,0.33679956259968424,C+S,MFdirect,random,37
0.04623146513002514,0.06470773474238353,0.9963928212878486,0.3930155368153141,C+S,MFdirect,group,37
0.05106687535010663,0.07282347527590344,0.9954312429211909,0.41839544828921493,C+S,MFdirect,LOCO,37
0.12381531045928748,0.15267887226237228,0.9799177137495044,0.6058180245572764,C+S,MFdirect,LOBO,37
0.21564032155277532,0.37673920119923665,0.8777252196071396,1.8738248293999158,C+S,MFdirect,LOHO,37
0.03302770387334637,0.047405347733236215,0.9980639795540343,0.27407434553027166,C+S,delta,random,37
0.035829737937531025,0.05265448208960463,0.9976114960871947,0.3403116044025518,C+S,delta,group,37
0.04316941193057354,0.06431928063971498,0.9964360005911104,0.42129246578378154,C+S,delta,LOCO,37
0.08847837249535156,0.11301115517358543,0.9889973348844424,0.6012313440018286,C+S,delta,LOBO,37
0.09205972656322789,0.12747802959591908,0.9860000672222375,0.49934860835549255,C+S,delta,LOHO,37
0.141203225375884,0.19668930933556872,0.9666714225732602,1.2878386627765521,C+L+P+S,direct,random,58
0.16235369316449044,0.22009460370835074,0.9582675332978271,1.3171426715036825,C+L+P+S,direct,group,58
0.2173706029051105,0.2986510848510037,0.9231606894222804,1.5804779653219865,C+L+P+S,direct,LOCO,58
0.7161419356601612,0.8817817762376793,0.3301500884836288,3.23608477524726,C+L+P+S,direct,LOBO,58
0.6822338694726877,0.81181450505426,0.4322346561527227,2.9549931084029737,C+L+P+S,direct,LOHO,58
0.04302970763651794,0.05940393336133955,0.996959915390614,0.35167269635194387,C+L+P+S,MFdirect,random,59
0.04854937668110054,0.06667108209751212,0.996170604045199,0.43025654613760134,C+L+P+S,MFdirect,group,59
0.05624664493279358,0.07859733839470644,0.9946780480992364,0.415147187056951,C+L+P+S,MFdirect,LOCO,59
0.18642399760706418,0.22116725133459927,0.9578597694406873,0.9770350576706779,C+L+P+S,MFdirect,LOBO,59
0.2374260706121994,0.3932364823906046,0.8667820116278407,1.8766707377695537,C+L+P+S,MFdirect,LOHO,59
0.03227170021374265,0.0460105309484833,0.9981762313076513,0.2513931146735007,C+L+P+S,delta,random,59
0.03571789458198623,0.05281590281065503,0.997596828959261,0.3552484392123674,C+L+P+S,delta,group,59
0.043284487543041414,0.06450175156011573,0.9964157500933061,0.4195112867701325,C+L+P+S,delta,LOCO,59
0.12755464252917845,0.14736603117675134,0.9812910230026634,0.6079242265466798,C+L+P+S,delta,LOBO,59
0.09497880624705528,0.12769472196543707,0.9859524314531277,0.4990744694534044,C+L+P+S,delta,LOHO,59
