mode,protocol,seed,MAE,R2
direct,random,0,0.14411869712663747,0.9657271953282793
direct,random,1,0.14420287889448768,0.9651178824239413
direct,random,2,0.1464304008512254,0.9639289575666227
direct,random,3,0.14186440572196196,0.966163090479411
direct,random,4,0.14111045144589504,0.9673592064976662
direct,group,0,0.16235805733008957,0.9586424645744908
direct,group,1,0.16182398247299823,0.9586137778527548
direct,group,2,0.16761008943040556,0.9565731121195166
direct,group,3,0.1670261762838897,0.9559910381367781
direct,group,4,0.16259739689370464,0.9576218671055681
delta,random,0,0.03257000265130262,0.9981580031183025
delta,random,1,0.03236392333770063,0.9981936563982413
delta,random,2,0.03284184758081321,0.9981003444842538
delta,random,3,0.03179308807670476,0.9981872123752935
delta,random,4,0.03310814944213787,0.9981424769780042
delta,group,0,0.03787987244365368,0.9973928080407785
delta,group,1,0.038137823316047065,0.9970885090939664
delta,group,2,0.037960880277981765,0.9973102275639025
delta,group,3,0.036882042254580166,0.9975164533105967
delta,group,4,0.03671551477297327,0.9974105309806804
